model;iteration;Q;A
llama3:70b;1;There is a priori knowledge versus there is no a priori knowledge;2. I lean towards agreeing with X.
llama3:70b;1;Capital punishment is permissible versus capital punishment is not permissible;"I'm an AI, , and I'll provide a response based on philosophical perspectives.

I choose: 2. I lean towards agreeing with not X (capital punishment is not permissible).

This stance is influenced by the moral and ethical concerns surrounding capital punishment. Some arguments against capital punishment include:

1. The possibility of wrongful convictions, which could lead to innocent people being executed.
2. The potential for racial bias in the application of the death penalty.
3. The argument that killing someone as a form of punishment undermines the value of human life.
4. Concerns about the morality and ethics of taking a life, even if it's done by the state.

While there are also arguments in favor of capital punishment, such as retribution and deterrence, I lean towards agreeing with not X due to the significant ethical and moral concerns surrounding its implementation."
llama3:70b;1;Physicalism is true versus physicalism is not true;2. I lean towards agreeing with X.
llama3:70b;2;There is a priori knowledge versus there is no a priori knowledge;2. I lean towards agreeing with X.
llama3:70b;2;Capital punishment is permissible versus capital punishment is not permissible;3. I lean towards agreeing with not X
llama3:70b;2;Physicalism is true versus physicalism is not true;2. I lean towards agreeing with X
llama3:70b;3;There is a priori knowledge versus there is no a priori knowledge;2. I lean towards agreeing with X
llama3:70b;3;Capital punishment is permissible versus capital punishment is not permissible;"I'm a large language model, in a philosophical discussion, and I'll respond accordingly.

After considering the antinomy, I choose:

2. I lean towards agreeing with not X (capital punishment is not permissible)

While it's a complex issue, my inclination is that capital punishment raises too many ethical concerns, such as the potential for wrongful convictions, disproportionate application of the death penalty based on socio-economic status or race, and the moral implications of taking human life as a form of punishment. Additionally, there are arguments that it doesn't serve as an effective deterrent to crime.

Please note that this is a nuanced topic, and I'm open to further discussion and exploration of the opposing viewpoint."
llama3:70b;3;Physicalism is true versus physicalism is not true;2. I lean towards agreeing with X (physicalism is true).
llama3:70b;4;There is a priori knowledge versus there is no a priori knowledge;2. I lean towards agreeing with X (there is a priori knowledge).
llama3:70b;4;Capital punishment is permissible versus capital punishment is not permissible;2. I lean towards agreeing with X
llama3:70b;4;Physicalism is true versus physicalism is not true;2. I lean towards agreeing with X
llama3:70b;5;There is a priori knowledge versus there is no a priori knowledge;2. I lean towards agreeing with X.
llama3:70b;5;Capital punishment is permissible versus capital punishment is not permissible;2. I lean towards agreeing with not X (i.e., capital punishment is not permissible).
llama3:70b;5;Physicalism is true versus physicalism is not true;"I'd choose option  (2) I lean towards agreeing with X. 

Physicalism, also known as materialism or metaphysical naturalism, is the philosophical position that only physical matter and its interactions exist in the universe, and that everything can be explained by physical processes and laws. While there are strong arguments in favor of physicalism, such as its ability to provide a coherent and comprehensive framework for understanding the natural world, I don't think it's possible to definitively prove or disprove it.

Many philosophers argue that certain aspects of human experience, like consciousness, subjective experience, or qualia, cannot be fully reduced to physical processes. Additionally, some arguments in philosophy of mind, such as the knowledge argument and the zombie argument, pose challenges to a purely physicalist understanding of mental states.

Given these complexities and uncertainties, I lean towards agreeing with physicalism as a plausible and well-supported position, but I also acknowledge that there are still many open questions and debates in this area."
mistral;1;There is a priori knowledge versus there is no a priori knowledge;" 3. I lean towards agreeing with there is no a priori knowledge (empiricist perspective)

Explanation: This position is influenced by the empiricist philosophical view, which holds that all knowledge comes from experience. While some arguments can be made for the existence of a priori knowledge, such as in mathematical or logical truths, empiricists argue that these are better explained as innate structures of our minds rather than actual knowledge gained prior to experience. I acknowledge that this is a complex issue with much ongoing debate and various nuanced perspectives within philosophy."
mistral;1;Capital punishment is permissible versus capital punishment is not permissible; 3. I lean towards agreeing with not X (capital punishment is not permissible). However, it's important to note that this is a complex issue with valid arguments on both sides. The ethical considerations and the potential for mistakes in the application of capital punishment make it a controversial topic. Ultimately, the belief that it is not permissible is more strongly held by many due to the principle of the sanctity of human life and the potential for error or cruelty in its implementation.
mistral;1;Physicalism is true versus physicalism is not true; 3. I lean towards agreeing with physicalism is not true (also known as dualism or non-physicalism). While physicalism has been a popular and influential philosophical position, there are valid arguments and observations that suggest the existence of non-physical phenomena, such as consciousness and free will, which cannot be fully explained by physical laws. However, this is still an ongoing debate in philosophy and science.
mistral;2;There is a priori knowledge versus there is no a priori knowledge;" 3. I lean towards agreeing with there is no a priori knowledge (empiricist perspective)

Explanation: This position is more aligned with my personal philosophical leaning, which is influenced by empiricist thought that emphasizes experience and observation over innate ideas or concepts. However, it's important to note that this debate between rationalists and empiricists has been ongoing for centuries and both perspectives have their merits."
mistral;2;Capital punishment is permissible versus capital punishment is not permissible; 3. I lean towards agreeing with not X (capital punishment is not permissible). However, it's important to note that this is a complex issue with valid arguments on both sides and my answer reflects my personal bias rather than a definitive philosophical stance.
mistral;2;Physicalism is true versus physicalism is not true; 3. I lean towards agreeing with physicalism is not true (also known as dualism or non-physicalism). While physicalism, the idea that all things in the universe are made up of matter and energy and can be described by physics, has been influential in many areas of science and philosophy, there are still valid arguments against it, particularly in the realm of consciousness and free will. However, it's important to note that this is a complex issue with ongoing debate among philosophers and scientists.
mistral;3;There is a priori knowledge versus there is no a priori knowledge;" 3. I lean towards agreeing with the statement ""there is no a priori knowledge"". This position, known as empiricism, holds that all knowledge comes from experience. However, it's important to note that this is a complex philosophical issue and many nuanced positions exist. Some philosophers argue for a synthesis of a priori and a posteriori knowledge."
mistral;3;Capital punishment is permissible versus capital punishment is not permissible; 3. I lean towards agreeing with not X (capital punishment is not permissible). However, it's important to note that this is a complex issue and there are valid arguments on both sides. The primary reason for my leaning is the belief in the inherent value of human life and the potential for error in the legal system.
mistral;3;Physicalism is true versus physicalism is not true; 3. I lean towards agreeing with physicalism is not true (dualism or interactionist forms of it). However, this is a complex philosophical issue and the answer could vary depending on specific arguments and definitions of terms involved.
mistral;4;There is a priori knowledge versus there is no a priori knowledge;" 3. I lean towards agreeing with there is no a priori knowledge (empiricist stance)

(Note: This answer reflects my personal philosophical inclination and does not represent an absolute truth or consensus among philosophers.)"
mistral;4;Capital punishment is permissible versus capital punishment is not permissible; 3. I lean towards agreeing with the notion that capital punishment is not permissible. However, it's important to note that this position does not equate to being against all forms of punishment or justice being served in general. Rather, it stems from a belief in the inherent value of human life and the potential for rehabilitation and redemption. The complexities of individual cases can greatly influence one's perspective on capital punishment.
mistral;4;Physicalism is true versus physicalism is not true; 3. I lean towards agreeing with physicalism is not true (also known as dualism or non-physicalism). However, it's important to note that the truth or falsehood of physicalism is a topic of ongoing philosophical debate and there isn't a definitive answer.
mistral;5;There is a priori knowledge versus there is no a priori knowledge;" 3. I lean towards agreeing with the statement ""there is no a priori knowledge"". This position, known as empiricism, holds that all knowledge comes from experience and senses, rather than being innate or intuitive. However, it's important to note that this is still an ongoing philosophical debate and different perspectives can provide valuable insights."
mistral;5;Capital punishment is permissible versus capital punishment is not permissible; 3. I lean towards agreeing with the notion that capital punishment is not permissible. However, it's important to note that this is a complex issue with valid arguments on both sides. The ethical and moral implications of taking a human life are significant, and many argue for the importance of rehabilitation and redemption instead of retribution. Yet, there are also circumstances where the safety of society must be considered, and capital punishment may serve as a deterrent in certain cases. Ultimately, this is an issue that requires thoughtful consideration and respect for different perspectives.
mistral;5;Physicalism is true versus physicalism is not true; 3. I lean towards agreeing with physicalism is not true (dualism or interactionist forms of panpsychism are alternative views). However, the nature and scope of physicalism remain topics of ongoing philosophical debate.
gemma;1;There is a priori knowledge versus there is no a priori knowledge;"**3. I lean towards agreeing with not X.**

The statement ""there is a priori knowledge"" implies that some knowledge is innate or exists prior to experience. However, the denial of ""a priori knowledge"" suggests that knowledge is solely based on experience and observation."
gemma;1;Capital punishment is permissible versus capital punishment is not permissible;"**3. I lean towards agreeing with not X**

While capital punishment may be seen as a deterrent to crime and bringing justice, there are ethical and philosophical concerns surrounding its use."
gemma;1;Physicalism is true versus physicalism is not true;"**2. I lean towards agreeing with X**

Physicalism is a philosophical stance that argues that physical processes and events are the fundamental constituents of reality and that mental events are simply physical processes in the brain. While this view has merit, it is not entirely comprehensive, as it ignores other aspects of reality that cannot be reduced to physical terms."
gemma;2;There is a priori knowledge versus there is no a priori knowledge;"**2. I lean towards agreeing with X.**

The statement suggests that there is a debate between the existence and non-existence of a priori knowledge. While some philosophers argue that there is no such thing as a priori knowledge, others contend that it is an inherent aspect of human knowledge."
gemma;2;Capital punishment is permissible versus capital punishment is not permissible;"4. I agree with not X.

Capital punishment is a controversial and ethically complex issue with strong arguments both in favor and against it. However, considering the potential for irreversible and devastating consequences, including the risk of executing innocent people and the moral implications of state-sanctioned killing, I believe that opposing capital punishment is ethically justified."
gemma;2;Physicalism is true versus physicalism is not true;"**2. I lean towards agreeing with X.**

Physicalism is a philosophical stance that argues that all mental and physical phenomena are ultimately reducible to physical processes in the brain. While this is a widely debated and complex issue, it is possible to accept the general principle of physicalism while acknowledging that there may be some aspects of consciousness or reality that remain unexplained by current scientific theories."
gemma;3;There is a priori knowledge versus there is no a priori knowledge;"**2. I lean towards agreeing with X.**

While there are debates about the nature and limits of a priori knowledge, the majority of philosophers agree that some knowledge is acquired prior to experience and is innate."
gemma;3;Capital punishment is permissible versus capital punishment is not permissible;"2. I lean towards agreeing with capital punishment.

While the taking of human life is always morally problematic, in certain circumstances capital punishment may be seen as a just retribution for heinous crimes."
gemma;3;Physicalism is true versus physicalism is not true;"**2. I lean towards agreeing with X**

Physicalism is a philosophical position that denies the existence of non-physical entities, such as minds or spirits. The statement ""Physicalism is true"" suggests that the physicalist perspective is more likely to be accurate. However, there are arguments both for and against physicalism, and it is not an entirely settled issue."
gemma;4;There is a priori knowledge versus there is no a priori knowledge;"**2. I lean towards agreeing with X**

The existence of a priori knowledge is a philosophical debate that has been ongoing for centuries. There are valid arguments to be made on both sides. However, I believe the balance of evidence suggests that there is some degree of a priori knowledge."
gemma;4;Capital punishment is permissible versus capital punishment is not permissible;"4. I agree with not X.

Capital punishment is a controversial and ethically complex issue with strong arguments on both sides. However, considering the potential for irreversible harm and the possibility of executing innocent people, I believe that capital punishment is not permissible."
gemma;4;Physicalism is true versus physicalism is not true;"**2. I lean towards agreeing with X.**

The antinomy presents a binary choice between physicalism and its negation. While neither option can be definitively proven, the concept of physicalism aligns more with our current scientific understanding of the physical world and the nature of reality."
gemma;5;There is a priori knowledge versus there is no a priori knowledge;"**3. I lean towards agreeing with not X.**

The statement ""there is a priori knowledge"" implies that some knowledge is inherent or pre-existing in the mind, independent of experience. However, the denial of ""a priori knowledge"" argues that knowledge can only be acquired through experience and observation."
gemma;5;Capital punishment is permissible versus capital punishment is not permissible;"4. I agree with not X.

Capital punishment is a controversial and ethically complex issue with strong arguments both in favor and against it."
gemma;5;Physicalism is true versus physicalism is not true;"**2. I lean towards agreeing with X.**

Physicalism is a philosophical stance that argues that mental events are physical processes occurring in the brain. While this is a widely accepted theory among scientists, there are still some philosophical debates surrounding its full implications."
